INSERT INTO `ibrand_discount`(`id`, `title`, `code`, `label`, `intro`, `exclusive`, `usage_limit`, `per_usage_limit`, `used`, `coupon_based`, `status`, `starts_at`, `ends_at`, `usestart_at`, `useend_at`, `tags`, `created_at`, `updated_at`, `deleted_at`) VALUES (2, 'qui', NULL, 'et', NULL, 0, 38, 0, 3, 1, 0, '2018-08-30 11:14:51', '2018-09-02 11:14:51', NULL, NULL, NULL, '2018-08-31 11:14:51', '2018-08-31 11:14:51', NULL);
INSERT INTO `ibrand_discount`(`id`, `title`, `code`, `label`, `intro`, `exclusive`, `usage_limit`, `per_usage_limit`, `used`, `coupon_based`, `status`, `starts_at`, `ends_at`, `usestart_at`, `useend_at`, `tags`, `created_at`, `updated_at`, `deleted_at`) VALUES (3, 'repudiandae', NULL, 'soluta', NULL, 0, 100, 0, 100, 1, 0, '2018-08-30 11:14:51', '2018-09-02 11:14:51', NULL, NULL, NULL, '2018-08-31 11:14:51', '2018-08-31 11:14:51', NULL);
INSERT INTO `ibrand_discount`(`id`, `title`, `code`, `label`, `intro`, `exclusive`, `usage_limit`, `per_usage_limit`, `used`, `coupon_based`, `status`, `starts_at`, `ends_at`, `usestart_at`, `useend_at`, `tags`, `created_at`, `updated_at`, `deleted_at`) VALUES (4, 'nihil', NULL, 'accusantium', NULL, 0, 95, 0, 20, 1, 1, '2018-08-30 11:14:51', '2018-09-02 11:14:51', NULL, NULL, NULL, '2018-08-31 11:14:51', '2018-08-31 11:14:51', NULL);
INSERT INTO `ibrand_discount`(`id`, `title`, `code`, `label`, `intro`, `exclusive`, `usage_limit`, `per_usage_limit`, `used`, `coupon_based`, `status`, `starts_at`, `ends_at`, `usestart_at`, `useend_at`, `tags`, `created_at`, `updated_at`, `deleted_at`) VALUES (5, 'in', NULL, 'dolor', NULL, 0, 84, 0, 20, 1, 1, '2018-08-30 11:14:51', '2018-09-02 11:14:51', NULL, NULL, NULL, '2018-08-31 11:14:51', '2018-08-31 11:14:51', NULL);
INSERT INTO `ibrand_discount`(`id`, `title`, `code`, `label`, `intro`, `exclusive`, `usage_limit`, `per_usage_limit`, `used`, `coupon_based`, `status`, `starts_at`, `ends_at`, `usestart_at`, `useend_at`, `tags`, `created_at`, `updated_at`, `deleted_at`) VALUES (6, 'quasi', NULL, 'molestias', NULL, 0, 82, 0, 20, 1, 1, '2018-08-30 11:14:51', '2018-09-02 11:14:51', NULL, NULL, NULL, '2018-08-31 11:14:51', '2018-08-31 11:14:51', NULL);
INSERT INTO `ibrand_discount`(`id`, `title`, `code`, `label`, `intro`, `exclusive`, `usage_limit`, `per_usage_limit`, `used`, `coupon_based`, `status`, `starts_at`, `ends_at`, `usestart_at`, `useend_at`, `tags`, `created_at`, `updated_at`, `deleted_at`) VALUES (7, 'dolores', NULL, 'fuga', NULL, 0, 90, 0, 20, 1, 1, '2018-08-30 11:14:51', '2018-09-02 11:14:51', NULL, NULL, NULL, '2018-08-31 11:14:51', '2018-08-31 11:14:51', NULL);
INSERT INTO `ibrand_discount`(`id`, `title`, `code`, `label`, `intro`, `exclusive`, `usage_limit`, `per_usage_limit`, `used`, `coupon_based`, `status`, `starts_at`, `ends_at`, `usestart_at`, `useend_at`, `tags`, `created_at`, `updated_at`, `deleted_at`) VALUES (8, 'nihil', NULL, 'corporis', NULL, 0, 13, 0, 7, 1, 1, '2018-09-12 15:36:55', '2018-09-13 15:36:55', NULL, NULL, NULL, '2018-09-11 15:36:55', '2018-09-11 15:36:55', NULL);
INSERT INTO `ibrand_discount`(`id`, `title`, `code`, `label`, `intro`, `exclusive`, `usage_limit`, `per_usage_limit`, `used`, `coupon_based`, `status`, `starts_at`, `ends_at`, `usestart_at`, `useend_at`, `tags`, `created_at`, `updated_at`, `deleted_at`) VALUES (9, 'voluptates', NULL, 'corrupti', NULL, 0, 84, 0, 7, 1, 0, '2018-09-10 15:36:55', '2018-09-13 15:36:55', NULL, NULL, NULL, '2018-09-11 15:36:55', '2018-09-11 15:36:55', NULL);
INSERT INTO `ibrand_discount`(`id`, `title`, `code`, `label`, `intro`, `exclusive`, `usage_limit`, `per_usage_limit`, `used`, `coupon_based`, `status`, `starts_at`, `ends_at`, `usestart_at`, `useend_at`, `tags`, `created_at`, `updated_at`, `deleted_at`) VALUES (10, 'id', NULL, 'velit', NULL, 0, 100, 0, 100, 1, 0, '2018-09-10 15:36:55', '2018-09-13 15:36:55', NULL, NULL, NULL, '2018-09-11 15:36:55', '2018-09-11 15:36:55', NULL);
INSERT INTO `ibrand_discount`(`id`, `title`, `code`, `label`, `intro`, `exclusive`, `usage_limit`, `per_usage_limit`, `used`, `coupon_based`, `status`, `starts_at`, `ends_at`, `usestart_at`, `useend_at`, `tags`, `created_at`, `updated_at`, `deleted_at`) VALUES (11, 'atque', NULL, 'fuga', NULL, 0, 93, 0, 20, 1, 1, '2018-09-10 15:36:55', '2018-09-13 15:36:55', NULL, NULL, NULL, '2018-09-11 15:36:55', '2018-09-11 15:36:55', NULL);
INSERT INTO `ibrand_discount`(`id`, `title`, `code`, `label`, `intro`, `exclusive`, `usage_limit`, `per_usage_limit`, `used`, `coupon_based`, `status`, `starts_at`, `ends_at`, `usestart_at`, `useend_at`, `tags`, `created_at`, `updated_at`, `deleted_at`) VALUES (12, 'et', NULL, 'qui', NULL, 0, 82, 0, 20, 1, 1, '2018-09-10 15:36:55', '2018-09-13 15:36:55', NULL, NULL, NULL, '2018-09-11 15:36:55', '2018-09-11 15:36:55', NULL);
INSERT INTO `ibrand_discount`(`id`, `title`, `code`, `label`, `intro`, `exclusive`, `usage_limit`, `per_usage_limit`, `used`, `coupon_based`, `status`, `starts_at`, `ends_at`, `usestart_at`, `useend_at`, `tags`, `created_at`, `updated_at`, `deleted_at`) VALUES (13, 'praesentium', NULL, 'quam', NULL, 0, 87, 0, 20, 1, 1, '2018-09-10 15:36:55', '2018-09-13 15:36:55', NULL, NULL, NULL, '2018-09-11 15:36:55', '2018-09-11 15:36:55', NULL);
INSERT INTO `ibrand_discount`(`id`, `title`, `code`, `label`, `intro`, `exclusive`, `usage_limit`, `per_usage_limit`, `used`, `coupon_based`, `status`, `starts_at`, `ends_at`, `usestart_at`, `useend_at`, `tags`, `created_at`, `updated_at`, `deleted_at`) VALUES (14, 'qui', NULL, 'deserunt', NULL, 0, 89, 0, 20, 1, 1, '2018-09-10 15:36:55', '2018-09-13 15:36:55', NULL, NULL, NULL, '2018-09-11 15:36:55', '2018-09-11 15:36:55', NULL);
INSERT INTO `ibrand_discount`(`id`, `title`, `code`, `label`, `intro`, `exclusive`, `usage_limit`, `per_usage_limit`, `used`, `coupon_based`, `status`, `starts_at`, `ends_at`, `usestart_at`, `useend_at`, `tags`, `created_at`, `updated_at`, `deleted_at`) VALUES (15, 'id', NULL, 'non', NULL, 0, 79, 0, 3, 1, 1, '2018-10-13 07:11:39', '2018-10-14 07:11:39', NULL, NULL, NULL, '2018-10-12 07:11:39', '2018-10-12 07:11:39', NULL);
INSERT INTO `ibrand_discount`(`id`, `title`, `code`, `label`, `intro`, `exclusive`, `usage_limit`, `per_usage_limit`, `used`, `coupon_based`, `status`, `starts_at`, `ends_at`, `usestart_at`, `useend_at`, `tags`, `created_at`, `updated_at`, `deleted_at`) VALUES (16, 'mollitia', NULL, 'earum', NULL, 0, 8, 0, 9, 1, 0, '2018-10-11 07:11:39', '2018-10-14 07:11:39', NULL, NULL, NULL, '2018-10-12 07:11:39', '2018-10-12 07:11:39', NULL);
INSERT INTO `ibrand_discount`(`id`, `title`, `code`, `label`, `intro`, `exclusive`, `usage_limit`, `per_usage_limit`, `used`, `coupon_based`, `status`, `starts_at`, `ends_at`, `usestart_at`, `useend_at`, `tags`, `created_at`, `updated_at`, `deleted_at`) VALUES (17, 'corporis', NULL, 'excepturi', NULL, 0, 100, 0, 100, 1, 0, '2018-10-11 07:11:39', '2018-10-14 07:11:39', NULL, NULL, NULL, '2018-10-12 07:11:39', '2018-10-12 07:11:39', NULL);
INSERT INTO `ibrand_discount`(`id`, `title`, `code`, `label`, `intro`, `exclusive`, `usage_limit`, `per_usage_limit`, `used`, `coupon_based`, `status`, `starts_at`, `ends_at`, `usestart_at`, `useend_at`, `tags`, `created_at`, `updated_at`, `deleted_at`) VALUES (18, 'ut', NULL, 'voluptatem', NULL, 0, 80, 0, 20, 1, 1, '2018-10-11 07:11:39', '2018-10-14 07:11:39', NULL, NULL, NULL, '2018-10-12 07:11:39', '2018-10-12 07:11:39', NULL);
INSERT INTO `ibrand_discount`(`id`, `title`, `code`, `label`, `intro`, `exclusive`, `usage_limit`, `per_usage_limit`, `used`, `coupon_based`, `status`, `starts_at`, `ends_at`, `usestart_at`, `useend_at`, `tags`, `created_at`, `updated_at`, `deleted_at`) VALUES (19, 'nihil', NULL, 'soluta', NULL, 0, 80, 0, 20, 1, 1, '2018-10-11 07:11:40', '2018-10-14 07:11:40', NULL, NULL, NULL, '2018-10-12 07:11:40', '2018-10-12 07:11:40', NULL);
INSERT INTO `ibrand_discount`(`id`, `title`, `code`, `label`, `intro`, `exclusive`, `usage_limit`, `per_usage_limit`, `used`, `coupon_based`, `status`, `starts_at`, `ends_at`, `usestart_at`, `useend_at`, `tags`, `created_at`, `updated_at`, `deleted_at`) VALUES (20, 'at', NULL, 'minus', NULL, 0, 83, 0, 20, 1, 1, '2018-10-11 07:11:40', '2018-10-14 07:11:40', NULL, NULL, NULL, '2018-10-12 07:11:40', '2018-10-12 07:11:40', NULL);
INSERT INTO `ibrand_discount`(`id`, `title`, `code`, `label`, `intro`, `exclusive`, `usage_limit`, `per_usage_limit`, `used`, `coupon_based`, `status`, `starts_at`, `ends_at`, `usestart_at`, `useend_at`, `tags`, `created_at`, `updated_at`, `deleted_at`) VALUES (21, 'unde', NULL, 'expedita', NULL, 0, 94, 0, 20, 1, 1, '2018-10-11 07:11:40', '2018-10-14 07:11:40', NULL, NULL, NULL, '2018-10-12 07:11:40', '2018-10-12 07:11:40', NULL);
INSERT INTO `ibrand_discount`(`id`, `title`, `code`, `label`, `intro`, `exclusive`, `usage_limit`, `per_usage_limit`, `used`, `coupon_based`, `status`, `starts_at`, `ends_at`, `usestart_at`, `useend_at`, `tags`, `created_at`, `updated_at`, `deleted_at`) VALUES (22, '店铺优惠满减1', '1258', '满50减5元', '满50减5元', 0, 1, 2, 0, 1, 1, '2018-12-26 17:05:00', '2019-01-31 17:05:00', '2018-12-26 17:05:00', '2019-01-31 17:05:00', '满50减5', '2018-12-26 17:06:44', '2019-05-20 11:19:12', NULL);
INSERT INTO `ibrand_discount`(`id`, `title`, `code`, `label`, `intro`, `exclusive`, `usage_limit`, `per_usage_limit`, `used`, `coupon_based`, `status`, `starts_at`, `ends_at`, `usestart_at`, `useend_at`, `tags`, `created_at`, `updated_at`, `deleted_at`) VALUES (23, '店铺优惠满减2', '3658', '满60减10元', '满60减10元', 1, 1, 1, 0, 1, 1, '2018-12-26 17:08:00', '2019-01-31 17:08:00', '2018-12-26 17:08:00', '2019-01-31 17:08:00', '满60减10元', '2018-12-26 17:10:49', '2019-05-20 11:18:50', NULL);
INSERT INTO `ibrand_discount`(`id`, `title`, `code`, `label`, `intro`, `exclusive`, `usage_limit`, `per_usage_limit`, `used`, `coupon_based`, `status`, `starts_at`, `ends_at`, `usestart_at`, `useend_at`, `tags`, `created_at`, `updated_at`, `deleted_at`) VALUES (24, '店铺优惠折扣1', '3578', '满50优惠95折', '满50优惠95折', 0, 99, 1, 0, 1, 1, '2018-12-26 17:12:00', '2019-01-31 17:12:00', '2018-12-26 17:12:00', '2019-01-31 17:12:00', '满50优惠95折', '2018-12-26 17:13:47', '2018-12-26 17:15:14', NULL);
INSERT INTO `ibrand_discount`(`id`, `title`, `code`, `label`, `intro`, `exclusive`, `usage_limit`, `per_usage_limit`, `used`, `coupon_based`, `status`, `starts_at`, `ends_at`, `usestart_at`, `useend_at`, `tags`, `created_at`, `updated_at`, `deleted_at`) VALUES (25, '店铺优惠折扣2', '1586', '满70优惠85折', '满70优惠85折', 1, 99, 1, 0, 1, 1, '2018-12-26 17:13:00', '2019-01-31 17:13:00', '2018-12-26 17:13:00', '2019-01-31 17:13:00', '满70优惠85折', '2018-12-26 17:15:00', '2018-12-26 17:29:16', NULL);
INSERT INTO `ibrand_discount`(`id`, `title`, `code`, `label`, `intro`, `exclusive`, `usage_limit`, `per_usage_limit`, `used`, `coupon_based`, `status`, `starts_at`, `ends_at`, `usestart_at`, `useend_at`, `tags`, `created_at`, `updated_at`, `deleted_at`) VALUES (26, '元旦促销满减1', NULL, '满80减20元', '满80减20元', 0, 99, 99, 0, 0, 1, '2018-12-26 17:19:00', '2019-01-31 17:19:00', NULL, NULL, '满80减20元', '2018-12-26 17:28:59', '2018-12-26 17:29:45', NULL);
INSERT INTO `ibrand_discount`(`id`, `title`, `code`, `label`, `intro`, `exclusive`, `usage_limit`, `per_usage_limit`, `used`, `coupon_based`, `status`, `starts_at`, `ends_at`, `usestart_at`, `useend_at`, `tags`, `created_at`, `updated_at`, `deleted_at`) VALUES (27, '元旦促销满减2', NULL, '满60减10元', '满60减10元', 1, 99, 99, 0, 0, 1, '2018-12-26 17:29:00', '2019-01-31 17:29:00', NULL, NULL, '满60减10元', '2018-12-26 17:30:59', '2018-12-26 17:30:59', NULL);
INSERT INTO `ibrand_discount`(`id`, `title`, `code`, `label`, `intro`, `exclusive`, `usage_limit`, `per_usage_limit`, `used`, `coupon_based`, `status`, `starts_at`, `ends_at`, `usestart_at`, `useend_at`, `tags`, `created_at`, `updated_at`, `deleted_at`) VALUES (28, '元旦促销打折1', NULL, '满60优惠95折', '满60优惠95折', 0, 99, 99, 0, 0, 1, '2018-12-26 17:35:00', '2019-01-31 17:35:00', NULL, NULL, '满60优惠95折', '2018-12-26 17:40:38', '2018-12-26 17:40:38', NULL);
INSERT INTO `ibrand_discount`(`id`, `title`, `code`, `label`, `intro`, `exclusive`, `usage_limit`, `per_usage_limit`, `used`, `coupon_based`, `status`, `starts_at`, `ends_at`, `usestart_at`, `useend_at`, `tags`, `created_at`, `updated_at`, `deleted_at`) VALUES (29, '元旦促销打折2', NULL, '满80优惠8折', '订单满80元8折优惠', 0, 99, 99, 0, 0, 0, '2019-09-12 15:44:00', '2019-10-31 15:44:00', NULL, NULL, NULL, '2018-12-26 17:41:57', '2019-10-11 14:09:42', NULL);
INSERT INTO `ibrand_discount`(`id`, `title`, `code`, `label`, `intro`, `exclusive`, `usage_limit`, `per_usage_limit`, `used`, `coupon_based`, `status`, `starts_at`, `ends_at`, `usestart_at`, `useend_at`, `tags`, `created_at`, `updated_at`, `deleted_at`) VALUES (30, 'ZxASD', 'ASDFASDF', 'SADasdfasdf', 'asdfasdfasdf', 1, 232, 1, 0, 1, 1, '2019-01-18 16:22:00', '2019-02-14 18:22:00', '2019-01-19 18:22:00', '2019-02-28 18:22:00', NULL, '2019-01-11 18:24:53', '2019-02-21 16:28:13', NULL);
INSERT INTO `ibrand_discount`(`id`, `title`, `code`, `label`, `intro`, `exclusive`, `usage_limit`, `per_usage_limit`, `used`, `coupon_based`, `status`, `starts_at`, `ends_at`, `usestart_at`, `useend_at`, `tags`, `created_at`, `updated_at`, `deleted_at`) VALUES (31, '新品特惠', '6546', '满100减10', '满100减10', 0, 13, 10, 9, 1, 1, '2019-09-12 14:13:00', '2019-10-31 14:13:00', '2019-09-12 14:13:00', '2019-10-31 14:13:00', NULL, '2019-03-14 18:13:35', '2019-10-29 13:51:14', NULL);
INSERT INTO `ibrand_discount`(`id`, `title`, `code`, `label`, `intro`, `exclusive`, `usage_limit`, `per_usage_limit`, `used`, `coupon_based`, `status`, `starts_at`, `ends_at`, `usestart_at`, `useend_at`, `tags`, `created_at`, `updated_at`, `deleted_at`) VALUES (32, '大法师', NULL, '大法师', '萨德发射', 0, 11111, 11111, 0, 0, 1, '2019-09-29 09:37:00', '2019-10-16 09:37:00', NULL, NULL, NULL, '2019-09-29 09:40:45', '2019-10-11 14:44:17', NULL);
INSERT INTO `ibrand_discount`(`id`, `title`, `code`, `label`, `intro`, `exclusive`, `usage_limit`, `per_usage_limit`, `used`, `coupon_based`, `status`, `starts_at`, `ends_at`, `usestart_at`, `useend_at`, `tags`, `created_at`, `updated_at`, `deleted_at`) VALUES (33, '会员全场85折', NULL, '会员全场85折', '会员全场85折\n订单满200元且购物2件以上\n不予优惠券同时使用', 1, 10000, 10000, 0, 0, 1, '2019-10-16 11:32:00', '2019-12-31 23:59:00', NULL, NULL, '果酱小店', '2019-09-29 10:36:06', '2019-10-17 10:52:03', NULL);
INSERT INTO `ibrand_discount`(`id`, `title`, `code`, `label`, `intro`, `exclusive`, `usage_limit`, `per_usage_limit`, `used`, `coupon_based`, `status`, `starts_at`, `ends_at`, `usestart_at`, `useend_at`, `tags`, `created_at`, `updated_at`, `deleted_at`) VALUES (34, '新老用户专享', '101610', '新老用户专享', '新老用户专享9折优惠\n购物满2件且订单满100元可使用', 0, 1000, 1, 91, 1, 1, '2019-10-16 10:59:00', '2019-12-31 23:59:00', '2019-10-16 10:59:00', '2019-12-31 23:59:00', '果酱小店', '2019-10-16 11:08:02', '2019-11-28 22:23:39', NULL);
INSERT INTO `ibrand_discount`(`id`, `title`, `code`, `label`, `intro`, `exclusive`, `usage_limit`, `per_usage_limit`, `used`, `coupon_based`, `status`, `starts_at`, `ends_at`, `usestart_at`, `useend_at`, `tags`, `created_at`, `updated_at`, `deleted_at`) VALUES (35, '秋冬上新季', '20020', '秋冬上新季', '秋冬上新季\n订单满200元可使用', 0, 1000, 1, 13, 1, 1, '2019-10-16 11:16:00', '2019-12-31 23:59:00', '2019-10-16 11:16:00', '2019-12-31 23:59:00', '秋冬上新季', '2019-10-16 11:18:09', '2019-11-16 13:39:39', NULL);
INSERT INTO `ibrand_discount`(`id`, `title`, `code`, `label`, `intro`, `exclusive`, `usage_limit`, `per_usage_limit`, `used`, `coupon_based`, `status`, `starts_at`, `ends_at`, `usestart_at`, `useend_at`, `tags`, `created_at`, `updated_at`, `deleted_at`) VALUES (36, '无门槛全场9折', NULL, '无门槛全场9折', '无门槛全场9折', 0, 1000, 1000, 0, 0, 1, '2019-10-17 10:48:00', '2019-12-31 23:59:00', NULL, NULL, '果酱小店', '2019-10-17 10:49:58', '2019-10-17 10:50:14', NULL);
INSERT INTO `ibrand_discount`(`id`, `title`, `code`, `label`, `intro`, `exclusive`, `usage_limit`, `per_usage_limit`, `used`, `coupon_based`, `status`, `starts_at`, `ends_at`, `usestart_at`, `useend_at`, `tags`, `created_at`, `updated_at`, `deleted_at`) VALUES (37, '测试过期', '101710', '测试过期', '测试过期', 0, 111, 1, 0, 1, 1, '2019-10-17 10:52:00', '2019-10-17 10:59:00', '2019-10-17 10:52:00', '2019-10-17 10:59:00', NULL, '2019-10-17 10:52:52', '2019-10-17 10:52:52', NULL);
INSERT INTO `ibrand_discount`(`id`, `title`, `code`, `label`, `intro`, `exclusive`, `usage_limit`, `per_usage_limit`, `used`, `coupon_based`, `status`, `starts_at`, `ends_at`, `usestart_at`, `useend_at`, `tags`, `created_at`, `updated_at`, `deleted_at`) VALUES (38, '85折优惠', '1017', '85折优惠', '85折优惠', 0, 99, 1, 0, 1, 1, '2019-10-17 11:04:00', '2019-10-17 12:04:00', '2019-10-17 11:04:00', '2019-10-17 12:04:00', NULL, '2019-10-17 11:06:42', '2019-10-17 11:06:42', NULL);
INSERT INTO `ibrand_discount`(`id`, `title`, `code`, `label`, `intro`, `exclusive`, `usage_limit`, `per_usage_limit`, `used`, `coupon_based`, `status`, `starts_at`, `ends_at`, `usestart_at`, `useend_at`, `tags`, `created_at`, `updated_at`, `deleted_at`) VALUES (39, '129减10', '20191022', '订单129减100', '优惠内容：全部商品可用，满129元', 1, 1000, 1, 22, 1, 1, '2019-10-22 08:00:00', '2019-12-31 23:59:00', '2019-10-22 08:00:00', '2019-12-31 23:59:00', NULL, '2019-10-22 15:58:05', '2019-11-28 21:53:36', NULL);

INSERT INTO `ibrand_discount_action`(`id`, `discount_id`, `type`, `configuration`) VALUES (1, 4, 'order_fixed_discount', '{\"amount\":10}');
INSERT INTO `ibrand_discount_action`(`id`, `discount_id`, `type`, `configuration`) VALUES (2, 5, 'order_fixed_discount', '{\"amount\":10}');
INSERT INTO `ibrand_discount_action`(`id`, `discount_id`, `type`, `configuration`) VALUES (3, 6, 'order_percentage_discount', '{\"percentage\":80}');
INSERT INTO `ibrand_discount_action`(`id`, `discount_id`, `type`, `configuration`) VALUES (4, 7, 'order_percentage_discount', '{\"percentage\":90}');
INSERT INTO `ibrand_discount_action`(`id`, `discount_id`, `type`, `configuration`) VALUES (5, 11, 'order_fixed_discount', '{\"amount\":10}');
INSERT INTO `ibrand_discount_action`(`id`, `discount_id`, `type`, `configuration`) VALUES (6, 12, 'order_fixed_discount', '{\"amount\":10}');
INSERT INTO `ibrand_discount_action`(`id`, `discount_id`, `type`, `configuration`) VALUES (7, 13, 'order_fixed_discount', '{\"amount\":80}');
INSERT INTO `ibrand_discount_action`(`id`, `discount_id`, `type`, `configuration`) VALUES (8, 14, 'order_fixed_discount', '{\"amount\":90}');
INSERT INTO `ibrand_discount_action`(`id`, `discount_id`, `type`, `configuration`) VALUES (9, 18, 'order_fixed_discount', '{\"amount\":10}');
INSERT INTO `ibrand_discount_action`(`id`, `discount_id`, `type`, `configuration`) VALUES (10, 19, 'order_fixed_discount', '{\"amount\":10}');
INSERT INTO `ibrand_discount_action`(`id`, `discount_id`, `type`, `configuration`) VALUES (11, 20, 'order_fixed_discount', '{\"amount\":10}');
INSERT INTO `ibrand_discount_action`(`id`, `discount_id`, `type`, `configuration`) VALUES (12, 21, 'order_fixed_discount', '{\"amount\":10}');
INSERT INTO `ibrand_discount_action`(`id`, `discount_id`, `type`, `configuration`) VALUES (13, 22, 'order_fixed_discount', '{\"amount\":500}');
INSERT INTO `ibrand_discount_action`(`id`, `discount_id`, `type`, `configuration`) VALUES (14, 23, 'order_fixed_discount', '{\"amount\":1000}');
INSERT INTO `ibrand_discount_action`(`id`, `discount_id`, `type`, `configuration`) VALUES (15, 24, 'order_percentage_discount', '{\"percentage\":\"95\"}');
INSERT INTO `ibrand_discount_action`(`id`, `discount_id`, `type`, `configuration`) VALUES (16, 25, 'order_percentage_discount', '{\"percentage\":\"85\"}');
INSERT INTO `ibrand_discount_action`(`id`, `discount_id`, `type`, `configuration`) VALUES (17, 26, 'order_fixed_discount', '{\"amount\":2000}');
INSERT INTO `ibrand_discount_action`(`id`, `discount_id`, `type`, `configuration`) VALUES (18, 27, 'order_fixed_discount', '{\"amount\":1000}');
INSERT INTO `ibrand_discount_action`(`id`, `discount_id`, `type`, `configuration`) VALUES (19, 28, 'order_percentage_discount', '{\"percentage\":\"95\"}');
INSERT INTO `ibrand_discount_action`(`id`, `discount_id`, `type`, `configuration`) VALUES (20, 29, 'order_percentage_discount', '{\"percentage\":\"80\"}');
INSERT INTO `ibrand_discount_action`(`id`, `discount_id`, `type`, `configuration`) VALUES (21, 30, 'order_percentage_discount', '{\"percentage\":\"80\"}');
INSERT INTO `ibrand_discount_action`(`id`, `discount_id`, `type`, `configuration`) VALUES (22, 31, 'order_fixed_discount', '{\"amount\":1000}');
INSERT INTO `ibrand_discount_action`(`id`, `discount_id`, `type`, `configuration`) VALUES (23, 32, 'order_fixed_discount', '{\"amount\":12200}');
INSERT INTO `ibrand_discount_action`(`id`, `discount_id`, `type`, `configuration`) VALUES (24, 33, 'order_percentage_discount', '{\"percentage\":\"85\"}');
INSERT INTO `ibrand_discount_action`(`id`, `discount_id`, `type`, `configuration`) VALUES (25, 34, 'order_percentage_discount', '{\"percentage\":\"90\"}');
INSERT INTO `ibrand_discount_action`(`id`, `discount_id`, `type`, `configuration`) VALUES (26, 35, 'order_fixed_discount', '{\"amount\":2000}');
INSERT INTO `ibrand_discount_action`(`id`, `discount_id`, `type`, `configuration`) VALUES (27, 36, 'order_percentage_discount', '{\"percentage\":\"90\"}');
INSERT INTO `ibrand_discount_action`(`id`, `discount_id`, `type`, `configuration`) VALUES (28, 37, 'order_fixed_discount', '{\"amount\":1000}');
INSERT INTO `ibrand_discount_action`(`id`, `discount_id`, `type`, `configuration`) VALUES (29, 38, 'order_percentage_discount', '{\"percentage\":\"85\"}');
INSERT INTO `ibrand_discount_action`(`id`, `discount_id`, `type`, `configuration`) VALUES (30, 39, 'order_fixed_discount', '{\"amount\":1000}');

INSERT INTO `ibrand_discount_rule`(`id`, `discount_id`, `type`, `configuration`) VALUES (1, 4, 'cart_quantity', '{\"count\":2}');
INSERT INTO `ibrand_discount_rule`(`id`, `discount_id`, `type`, `configuration`) VALUES (2, 5, 'item_total', '{\"amount\":100}');
INSERT INTO `ibrand_discount_rule`(`id`, `discount_id`, `type`, `configuration`) VALUES (3, 6, 'item_total', '{\"amount\":120}');
INSERT INTO `ibrand_discount_rule`(`id`, `discount_id`, `type`, `configuration`) VALUES (4, 7, 'cart_quantity', '{\"count\":3}');
INSERT INTO `ibrand_discount_rule`(`id`, `discount_id`, `type`, `configuration`) VALUES (5, 11, 'cart_quantity', '{\"count\":2}');
INSERT INTO `ibrand_discount_rule`(`id`, `discount_id`, `type`, `configuration`) VALUES (6, 12, 'item_total', '{\"amount\":100}');
INSERT INTO `ibrand_discount_rule`(`id`, `discount_id`, `type`, `configuration`) VALUES (7, 13, 'item_total', '{\"amount\":120}');
INSERT INTO `ibrand_discount_rule`(`id`, `discount_id`, `type`, `configuration`) VALUES (8, 14, 'cart_quantity', '{\"count\":3}');
INSERT INTO `ibrand_discount_rule`(`id`, `discount_id`, `type`, `configuration`) VALUES (9, 18, 'cart_quantity', '{\"count\":2}');
INSERT INTO `ibrand_discount_rule`(`id`, `discount_id`, `type`, `configuration`) VALUES (10, 19, 'item_total', '{\"amount\":100}');
INSERT INTO `ibrand_discount_rule`(`id`, `discount_id`, `type`, `configuration`) VALUES (11, 20, 'item_total', '{\"amount\":120}');
INSERT INTO `ibrand_discount_rule`(`id`, `discount_id`, `type`, `configuration`) VALUES (12, 21, 'cart_quantity', '{\"count\":3}');
INSERT INTO `ibrand_discount_rule`(`id`, `discount_id`, `type`, `configuration`) VALUES (19, 24, 'item_total', '{\"amount\":5000}');
INSERT INTO `ibrand_discount_rule`(`id`, `discount_id`, `type`, `configuration`) VALUES (21, 25, 'item_total', '{\"amount\":7000}');
INSERT INTO `ibrand_discount_rule`(`id`, `discount_id`, `type`, `configuration`) VALUES (23, 26, 'item_total', '{\"amount\":8000}');
INSERT INTO `ibrand_discount_rule`(`id`, `discount_id`, `type`, `configuration`) VALUES (24, 27, 'item_total', '{\"amount\":6000}');
INSERT INTO `ibrand_discount_rule`(`id`, `discount_id`, `type`, `configuration`) VALUES (25, 28, 'item_total', '{\"amount\":6000}');
INSERT INTO `ibrand_discount_rule`(`id`, `discount_id`, `type`, `configuration`) VALUES (31, 30, 'item_total', '{\"amount\":10000}');
INSERT INTO `ibrand_discount_rule`(`id`, `discount_id`, `type`, `configuration`) VALUES (32, 30, 'cart_quantity', '{\"count\":\"2\"}');
INSERT INTO `ibrand_discount_rule`(`id`, `discount_id`, `type`, `configuration`) VALUES (33, 30, 'contains_product', '{\"sku\":\"\",\"spu\":\"171,170,169,168,167,166\",\"spu_original\":\"171,170,169,168,167,166\"}');
INSERT INTO `ibrand_discount_rule`(`id`, `discount_id`, `type`, `configuration`) VALUES (34, 30, 'contains_category', '{\"items\":[\"13\",\"10\"],\"exclude_spu\":null}');
INSERT INTO `ibrand_discount_rule`(`id`, `discount_id`, `type`, `configuration`) VALUES (59, 23, 'item_total', '{\"amount\":5000}');
INSERT INTO `ibrand_discount_rule`(`id`, `discount_id`, `type`, `configuration`) VALUES (60, 22, 'item_total', '{\"amount\":5000}');
INSERT INTO `ibrand_discount_rule`(`id`, `discount_id`, `type`, `configuration`) VALUES (100, 29, 'item_total', '{\"amount\":8000}');
INSERT INTO `ibrand_discount_rule`(`id`, `discount_id`, `type`, `configuration`) VALUES (101, 29, 'cart_quantity', '{\"count\":null}');
INSERT INTO `ibrand_discount_rule`(`id`, `discount_id`, `type`, `configuration`) VALUES (111, 32, 'item_total', '{\"amount\":12200}');
INSERT INTO `ibrand_discount_rule`(`id`, `discount_id`, `type`, `configuration`) VALUES (115, 35, 'item_total', '{\"amount\":20000}');
INSERT INTO `ibrand_discount_rule`(`id`, `discount_id`, `type`, `configuration`) VALUES (125, 36, 'item_total', '{\"amount\":100}');
INSERT INTO `ibrand_discount_rule`(`id`, `discount_id`, `type`, `configuration`) VALUES (126, 33, 'item_total', '{\"amount\":20000}');
INSERT INTO `ibrand_discount_rule`(`id`, `discount_id`, `type`, `configuration`) VALUES (127, 33, 'cart_quantity', '{\"count\":\"2\"}');
INSERT INTO `ibrand_discount_rule`(`id`, `discount_id`, `type`, `configuration`) VALUES (128, 37, 'item_total', '{\"amount\":100}');
INSERT INTO `ibrand_discount_rule`(`id`, `discount_id`, `type`, `configuration`) VALUES (129, 38, 'item_total', '{\"amount\":100}');
INSERT INTO `ibrand_discount_rule`(`id`, `discount_id`, `type`, `configuration`) VALUES (130, 34, 'item_total', '{\"amount\":10000}');
INSERT INTO `ibrand_discount_rule`(`id`, `discount_id`, `type`, `configuration`) VALUES (131, 34, 'cart_quantity', '{\"count\":\"2\"}');
INSERT INTO `ibrand_discount_rule`(`id`, `discount_id`, `type`, `configuration`) VALUES (135, 31, 'item_total', '{\"amount\":10000}');
INSERT INTO `ibrand_discount_rule`(`id`, `discount_id`, `type`, `configuration`) VALUES (136, 39, 'item_total', '{\"amount\":12900}');

INSERT INTO `ibrand_reduce`(`id`, `title`, `goods_id`, `number`, `reduce_store_nums`, `store_nums`, `hour`, `price`, `sort`, `status`, `starts_at`, `ends_at`, `get_point`, `tags`, `created_at`, `updated_at`) VALUES (1, '1015', 164, 9, 10, 10, 24, 0.00, 9, 1, '2019-10-15 20:02:00', '2019-12-31 23:59:00', 0, NULL, '2019-10-15 20:03:16', '2019-10-15 20:03:16');
INSERT INTO `ibrand_reduce`(`id`, `title`, `goods_id`, `number`, `reduce_store_nums`, `store_nums`, `hour`, `price`, `sort`, `status`, `starts_at`, `ends_at`, `get_point`, `tags`, `created_at`, `updated_at`) VALUES (2, '1016', 137, 5, 20, 20, 24, 9.90, 9, 1, '2019-10-16 10:48:00', '2019-12-31 23:59:00', 0, NULL, '2019-10-16 10:50:09', '2019-10-16 10:50:09');
INSERT INTO `ibrand_reduce`(`id`, `title`, `goods_id`, `number`, `reduce_store_nums`, `store_nums`, `hour`, `price`, `sort`, `status`, `starts_at`, `ends_at`, `get_point`, `tags`, `created_at`, `updated_at`) VALUES (3, '仅活动测试使用', 191, 20, 20, 20, 24, 599.00, 9, 1, '2019-10-18 11:32:00', '2019-12-31 23:59:00', 0, NULL, '2019-10-18 11:35:04', '2019-10-18 11:35:04');
INSERT INTO `ibrand_reduce`(`id`, `title`, `goods_id`, `number`, `reduce_store_nums`, `store_nums`, `hour`, `price`, `sort`, `status`, `starts_at`, `ends_at`, `get_point`, `tags`, `created_at`, `updated_at`) VALUES (4, '测试个人', 159, 3, 6, 6, 12, 0.00, 9, 1, '2019-11-07 11:05:00', '2019-12-31 11:05:00', 0, NULL, '2019-11-07 11:06:12', '2019-11-07 11:06:12');

INSERT INTO `ibrand_multi_groupon`(`id`, `title`, `goods_id`, `number`, `price`, `rate`, `sort`, `get_point`, `status`, `starts_at`, `ends_at`, `tags`, `created_at`, `updated_at`) VALUES (1, '1015', 151, 3, 59.00, 10, 8, 0, 1, '2019-10-15 20:03:00', '2019-12-31 23:59:00', NULL, '2019-10-15 20:03:53', '2019-11-04 13:37:12');
INSERT INTO `ibrand_multi_groupon`(`id`, `title`, `goods_id`, `number`, `price`, `rate`, `sort`, `get_point`, `status`, `starts_at`, `ends_at`, `tags`, `created_at`, `updated_at`) VALUES (2, '1016', 152, 2, 29.00, 1, 9, 0, 0, '2019-10-16 10:46:00', '2019-12-31 23:59:00', NULL, '2019-10-16 10:47:23', '2019-10-31 17:42:11');
INSERT INTO `ibrand_multi_groupon`(`id`, `title`, `goods_id`, `number`, `price`, `rate`, `sort`, `get_point`, `status`, `starts_at`, `ends_at`, `tags`, `created_at`, `updated_at`) VALUES (3, '仅活动测试使用', 191, 20, 599.00, 1, 9, 0, 2, '2019-10-18 10:42:00', '2019-12-31 23:59:00', NULL, '2019-10-18 11:25:20', '2019-10-18 11:33:36');
INSERT INTO `ibrand_multi_groupon`(`id`, `title`, `goods_id`, `number`, `price`, `rate`, `sort`, `get_point`, `status`, `starts_at`, `ends_at`, `tags`, `created_at`, `updated_at`) VALUES (4, '仅活动测试使用', 191, 5, 599.00, 1, 9, 0, 1, '2019-10-18 11:33:00', '2019-12-31 23:59:00', NULL, '2019-10-18 11:34:18', '2019-10-18 11:34:18');
INSERT INTO `ibrand_multi_groupon`(`id`, `title`, `goods_id`, `number`, `price`, `rate`, `sort`, `get_point`, `status`, `starts_at`, `ends_at`, `tags`, `created_at`, `updated_at`) VALUES (5, '45678', 172, 4, 90.00, 20, 8, 0, 1, '2019-11-04 14:42:00', '2019-11-30 14:42:00', NULL, '2019-10-24 14:00:49', '2019-11-04 14:42:32');
INSERT INTO `ibrand_multi_groupon`(`id`, `title`, `goods_id`, `number`, `price`, `rate`, `sort`, `get_point`, `status`, `starts_at`, `ends_at`, `tags`, `created_at`, `updated_at`) VALUES (6, '1104', 166, 3, 59.00, 1, 9, 0, 1, '2019-11-05 14:40:00', '2019-12-01 14:40:00', NULL, '2019-11-04 14:40:48', '2019-11-04 14:41:06');
INSERT INTO `ibrand_multi_groupon`(`id`, `title`, `goods_id`, `number`, `price`, `rate`, `sort`, `get_point`, `status`, `starts_at`, `ends_at`, `tags`, `created_at`, `updated_at`) VALUES (7, 'cws', 171, 2, 1.00, 10, 9, 0, 1, '2019-11-11 16:14:00', '2019-12-25 16:14:00', NULL, '2019-11-11 16:15:23', '2019-11-11 16:15:23');
INSERT INTO `ibrand_multi_groupon`(`id`, `title`, `goods_id`, `number`, `price`, `rate`, `sort`, `get_point`, `status`, `starts_at`, `ends_at`, `tags`, `created_at`, `updated_at`) VALUES (8, '系统管理', 169, 5, 10.00, 10, 9, 0, 1, '2019-11-11 22:11:00', '2019-11-12 22:11:00', NULL, '2019-11-11 22:12:55', '2019-11-11 22:12:55');

INSERT INTO `ibrand_multi_groupon_items`(`id`, `multi_groupon_id`, `multi_groupon_goods_id`, `starts_at`, `ends_at`, `complete_time`, `status`, `created_at`, `updated_at`) VALUES (1, 7, 171, '2019-11-11 16:16:22', '2019-11-12 16:16:22', NULL, 0, '2019-11-11 16:16:22', '2019-11-11 16:16:22');

INSERT INTO `ibrand_advert`(`id`, `type`, `code`, `name`, `status`, `title`, `is_show_title`, `created_at`, `updated_at`, `deleted_at`) VALUES (1, 'micro_page_componet_slide', 'AD2019101599596606229', '1015', 1, NULL, 0, '2019-10-15 19:52:34', '2019-10-15 19:52:34', NULL);
INSERT INTO `ibrand_advert`(`id`, `type`, `code`, `name`, `status`, `title`, `is_show_title`, `created_at`, `updated_at`, `deleted_at`) VALUES (2, 'micro_page_componet_nav', 'AD2019101574920934736', '1015', 1, NULL, 0, '2019-10-15 19:54:59', '2019-10-15 19:54:59', NULL);
INSERT INTO `ibrand_advert`(`id`, `type`, `code`, `name`, `status`, `title`, `is_show_title`, `created_at`, `updated_at`, `deleted_at`) VALUES (4, 'micro_page_componet_category', 'AD2019101544504235846', '热卖', 1, NULL, 0, '2019-10-15 19:57:05', '2019-10-15 19:59:40', NULL);
INSERT INTO `ibrand_advert`(`id`, `type`, `code`, `name`, `status`, `title`, `is_show_title`, `created_at`, `updated_at`, `deleted_at`) VALUES (5, 'micro_page_componet_category', 'AD2019101567358721834', '男童', 1, NULL, 0, '2019-10-15 19:58:27', '2019-10-15 19:58:27', NULL);
INSERT INTO `ibrand_advert`(`id`, `type`, `code`, `name`, `status`, `title`, `is_show_title`, `created_at`, `updated_at`, `deleted_at`) VALUES (6, 'micro_page_componet_category', 'AD2019101585994237925', '女童', 1, NULL, 0, '2019-10-15 19:58:58', '2019-10-15 19:58:58', NULL);
INSERT INTO `ibrand_advert`(`id`, `type`, `code`, `name`, `status`, `title`, `is_show_title`, `created_at`, `updated_at`, `deleted_at`) VALUES (7, 'micro_page_componet_goods_group', 'AD2019101527715533048', '1015', 1, NULL, 0, '2019-10-15 20:02:03', '2019-10-15 20:02:03', NULL);
INSERT INTO `ibrand_advert`(`id`, `type`, `code`, `name`, `status`, `title`, `is_show_title`, `created_at`, `updated_at`, `deleted_at`) VALUES (8, 'micro_page_componet_groupon', 'AD2019101530269507445', '1015', 1, NULL, 0, '2019-10-15 20:04:20', '2019-10-15 20:04:20', NULL);
INSERT INTO `ibrand_advert`(`id`, `type`, `code`, `name`, `status`, `title`, `is_show_title`, `created_at`, `updated_at`, `deleted_at`) VALUES (9, 'micro_page_componet_category', 'AD2019101681491306048', '首页底部展示商品', 1, NULL, 0, '2019-10-16 10:03:52', '2019-10-16 10:03:52', NULL);
INSERT INTO `ibrand_advert`(`id`, `type`, `code`, `name`, `status`, `title`, `is_show_title`, `created_at`, `updated_at`, `deleted_at`) VALUES (10, 'micro_page_componet_coupon', 'AD2019101666849586226', '1016', 1, NULL, 0, '2019-10-16 11:21:31', '2019-10-16 11:21:31', NULL);
INSERT INTO `ibrand_advert`(`id`, `type`, `code`, `name`, `status`, `title`, `is_show_title`, `created_at`, `updated_at`, `deleted_at`) VALUES (11, 'micro_page_componet_cube', 'AD2019101818767635530', '砍价', 1, NULL, 0, '2019-10-18 11:41:36', '2019-10-29 14:35:23', NULL);
INSERT INTO `ibrand_advert`(`id`, `type`, `code`, `name`, `status`, `title`, `is_show_title`, `created_at`, `updated_at`, `deleted_at`) VALUES (12, 'micro_page_componet_coupon', 'AD2019102239238378040', '22', 1, NULL, 0, '2019-10-22 19:03:21', '2019-10-22 19:03:21', NULL);
INSERT INTO `ibrand_advert`(`id`, `type`, `code`, `name`, `status`, `title`, `is_show_title`, `created_at`, `updated_at`, `deleted_at`) VALUES (13, 'micro_page_componet_slide', 'AD2019102543480093049', '标准', 1, NULL, 0, '2019-10-25 16:50:56', '2019-10-25 16:50:56', NULL);
INSERT INTO `ibrand_advert`(`id`, `type`, `code`, `name`, `status`, `title`, `is_show_title`, `created_at`, `updated_at`, `deleted_at`) VALUES (14, 'micro_page_componet_nav', 'AD2019102570619769431', '标准', 1, NULL, 0, '2019-10-25 16:52:49', '2019-10-25 16:52:49', NULL);
INSERT INTO `ibrand_advert`(`id`, `type`, `code`, `name`, `status`, `title`, `is_show_title`, `created_at`, `updated_at`, `deleted_at`) VALUES (15, 'micro_page_componet_groupon', 'AD2019102579164804932', '标准', 1, NULL, 0, '2019-10-25 16:56:27', '2019-10-25 16:56:27', NULL);
INSERT INTO `ibrand_advert`(`id`, `type`, `code`, `name`, `status`, `title`, `is_show_title`, `created_at`, `updated_at`, `deleted_at`) VALUES (16, 'micro_page_componet_goods_group', 'AD2019102929768255428', '可切换', 1, NULL, 0, '2019-10-29 15:02:15', '2019-10-29 15:02:15', NULL);


INSERT INTO `ibrand_advert_item`(`id`, `advert_id`, `status`, `name`, `image`, `link`, `sort`, `type`, `associate_id`, `associate_type`, `meta`, `created_at`, `updated_at`, `deleted_at`, `_lft`, `_rgt`, `parent_id`) VALUES (9, 5, 1, NULL, NULL, NULL, 1, 'category_goods', 1, 'category', '{\"name\":\"男童专区\",\"limit\":\"5\"}', '2019-10-15 19:58:27', '2019-10-15 19:58:27', NULL, 17, 18, NULL);
INSERT INTO `ibrand_advert_item`(`id`, `advert_id`, `status`, `name`, `image`, `link`, `sort`, `type`, `associate_id`, `associate_type`, `meta`, `created_at`, `updated_at`, `deleted_at`, `_lft`, `_rgt`, `parent_id`) VALUES (10, 5, 1, NULL, NULL, NULL, 2, 'category_goods', 5, 'category', '{\"name\":\"套装\",\"limit\":\"3\"}', '2019-10-15 19:58:27', '2019-10-15 19:58:27', NULL, 19, 20, NULL);
INSERT INTO `ibrand_advert_item`(`id`, `advert_id`, `status`, `name`, `image`, `link`, `sort`, `type`, `associate_id`, `associate_type`, `meta`, `created_at`, `updated_at`, `deleted_at`, `_lft`, `_rgt`, `parent_id`) VALUES (23, 9, 1, NULL, NULL, NULL, 1, 'category_goods', 11, 'category', '{\"name\":\"热卖专区\",\"limit\":\"9\"}', '2019-10-16 10:03:52', '2019-10-16 10:03:52', NULL, 43, 44, NULL);
INSERT INTO `ibrand_advert_item`(`id`, `advert_id`, `status`, `name`, `image`, `link`, `sort`, `type`, `associate_id`, `associate_type`, `meta`, `created_at`, `updated_at`, `deleted_at`, `_lft`, `_rgt`, `parent_id`) VALUES (34, 10, 1, NULL, NULL, NULL, 1, 'coupon', 34, 'discount', NULL, '2019-10-16 11:21:31', '2019-10-16 11:21:31', NULL, 57, 58, NULL);
INSERT INTO `ibrand_advert_item`(`id`, `advert_id`, `status`, `name`, `image`, `link`, `sort`, `type`, `associate_id`, `associate_type`, `meta`, `created_at`, `updated_at`, `deleted_at`, `_lft`, `_rgt`, `parent_id`) VALUES (35, 10, 1, NULL, NULL, NULL, 2, 'coupon', 35, 'discount', NULL, '2019-10-16 11:21:31', '2019-10-16 11:21:31', NULL, 59, 60, NULL);
INSERT INTO `ibrand_advert_item`(`id`, `advert_id`, `status`, `name`, `image`, `link`, `sort`, `type`, `associate_id`, `associate_type`, `meta`, `created_at`, `updated_at`, `deleted_at`, `_lft`, `_rgt`, `parent_id`) VALUES (36, 10, 1, NULL, NULL, NULL, 3, 'coupon', 31, 'discount', NULL, '2019-10-16 11:21:31', '2019-10-16 11:21:31', NULL, 61, 62, NULL);
INSERT INTO `ibrand_advert_item`(`id`, `advert_id`, `status`, `name`, `image`, `link`, `sort`, `type`, `associate_id`, `associate_type`, `meta`, `created_at`, `updated_at`, `deleted_at`, `_lft`, `_rgt`, `parent_id`) VALUES (59, 12, 1, NULL, NULL, NULL, 1, 'coupon', 39, 'discount', NULL, '2019-10-22 19:03:21', '2019-10-22 19:03:21', NULL, 99, 100, NULL);
INSERT INTO `ibrand_advert_item`(`id`, `advert_id`, `status`, `name`, `image`, `link`, `sort`, `type`, `associate_id`, `associate_type`, `meta`, `created_at`, `updated_at`, `deleted_at`, `_lft`, `_rgt`, `parent_id`) VALUES (60, 12, 1, NULL, NULL, NULL, 2, 'coupon', 34, 'discount', NULL, '2019-10-22 19:03:21', '2019-10-22 19:03:21', NULL, 101, 102, NULL);
INSERT INTO `ibrand_advert_item`(`id`, `advert_id`, `status`, `name`, `image`, `link`, `sort`, `type`, `associate_id`, `associate_type`, `meta`, `created_at`, `updated_at`, `deleted_at`, `_lft`, `_rgt`, `parent_id`) VALUES (82, 1, 1, NULL, 'https://demo-open-admin.ibrand.cc/storage/uploads/images/2019_10_15/6lJbFP9jTlnFDPtP4hfW6IgpbIBKszrI8DRhdBgA.jpeg', '0', 1, 'other', NULL, NULL, NULL, '2019-10-25 15:07:38', '2019-10-25 15:07:38', NULL, 135, 136, NULL);
INSERT INTO `ibrand_advert_item`(`id`, `advert_id`, `status`, `name`, `image`, `link`, `sort`, `type`, `associate_id`, `associate_type`, `meta`, `created_at`, `updated_at`, `deleted_at`, `_lft`, `_rgt`, `parent_id`) VALUES (83, 1, 1, NULL, 'https://demo-open-admin.ibrand.cc/storage/uploads/images/2019_10_15/PcbtPqzgeeKli22boqpuM4VfvhvYdLuufxn0fC40.jpeg', '0', 2, 'other', NULL, NULL, NULL, '2019-10-25 15:07:38', '2019-10-25 15:07:38', NULL, 137, 138, NULL);
INSERT INTO `ibrand_advert_item`(`id`, `advert_id`, `status`, `name`, `image`, `link`, `sort`, `type`, `associate_id`, `associate_type`, `meta`, `created_at`, `updated_at`, `deleted_at`, `_lft`, `_rgt`, `parent_id`) VALUES (96, 8, 1, NULL, 'https://cdn.viperky.com/storage/images/20180813/zjdpk2oK4z.png', NULL, 1, 'groupon', 1, 'groupon', NULL, '2019-10-25 15:11:31', '2019-10-25 15:11:31', NULL, 147, 148, NULL);
INSERT INTO `ibrand_advert_item`(`id`, `advert_id`, `status`, `name`, `image`, `link`, `sort`, `type`, `associate_id`, `associate_type`, `meta`, `created_at`, `updated_at`, `deleted_at`, `_lft`, `_rgt`, `parent_id`) VALUES (101, 2, 1, '拼团', 'https://demo-open-admin.ibrand.cc/storage/uploads/images/2019_10_16/G8ybrT4ycJH72rHCzwTzjKSOFr9u2fis4LoRuD1v.png', '/pages/store/detail/detail?id=151', 1, 'store_detail', 151, 'goods', NULL, '2019-10-25 16:07:25', '2019-10-25 16:07:25', NULL, 149, 150, NULL);
INSERT INTO `ibrand_advert_item`(`id`, `advert_id`, `status`, `name`, `image`, `link`, `sort`, `type`, `associate_id`, `associate_type`, `meta`, `created_at`, `updated_at`, `deleted_at`, `_lft`, `_rgt`, `parent_id`) VALUES (102, 2, 1, '砍价', 'https://demo-open-admin.ibrand.cc/storage/uploads/images/2019_10_16/LrYBF5TpQ6OduOub1qxYYdxklxdn3wO6PVR72GZt.png', '/pages/store/detail/detail?id=137', 2, 'store_detail', 137, 'goods', NULL, '2019-10-25 16:07:25', '2019-10-25 16:07:25', NULL, 151, 152, NULL);
INSERT INTO `ibrand_advert_item`(`id`, `advert_id`, `status`, `name`, `image`, `link`, `sort`, `type`, `associate_id`, `associate_type`, `meta`, `created_at`, `updated_at`, `deleted_at`, `_lft`, `_rgt`, `parent_id`) VALUES (103, 2, 1, 'SVIP', 'https://demo-open-admin.ibrand.cc/storage/uploads/images/2019_10_16/TLlveeoEUhdJ6d36vfrCYe8TIstqiYWVw4D4IYhu.png', '/pages/store/list/list?c_id=11', 3, 'store_list', 11, 'category', NULL, '2019-10-25 16:07:25', '2019-10-25 16:07:25', NULL, 153, 154, NULL);
INSERT INTO `ibrand_advert_item`(`id`, `advert_id`, `status`, `name`, `image`, `link`, `sort`, `type`, `associate_id`, `associate_type`, `meta`, `created_at`, `updated_at`, `deleted_at`, `_lft`, `_rgt`, `parent_id`) VALUES (104, 2, 1, '文章', 'https://demo-open-admin.ibrand.cc/storage/uploads/images/2019_10_16/4sLX6wAB8olTNVgFAR40KCOCRxq7zBk4EsjWAJte.png', '/pages/other/links/links?url=https://mp.weixin.qq.com/s/U9CpKj5WLy7n-_2FNIPODg', 4, 'other_links', NULL, NULL, '{\"link\":\"https://mp.weixin.qq.com/s/U9CpKj5WLy7n-_2FNIPODg\"}', '2019-10-25 16:07:25', '2019-10-25 16:07:25', NULL, 155, 156, NULL);
INSERT INTO `ibrand_advert_item`(`id`, `advert_id`, `status`, `name`, `image`, `link`, `sort`, `type`, `associate_id`, `associate_type`, `meta`, `created_at`, `updated_at`, `deleted_at`, `_lft`, `_rgt`, `parent_id`) VALUES (105, 13, 1, NULL, 'https://demo-open-admin.ibrand.cc/storage/uploads/images/2019_10_25/G58BIIzXM3ytTtzzhA8OdUZuv7IAXXAkkXeopxWN.jpeg', '/pages/store/detail/detail?id=191', 1, 'store_detail', 191, 'goods', NULL, '2019-10-25 16:50:56', '2019-10-25 16:50:56', NULL, 157, 158, NULL);
INSERT INTO `ibrand_advert_item`(`id`, `advert_id`, `status`, `name`, `image`, `link`, `sort`, `type`, `associate_id`, `associate_type`, `meta`, `created_at`, `updated_at`, `deleted_at`, `_lft`, `_rgt`, `parent_id`) VALUES (106, 13, 1, NULL, 'https://demo-open-admin.ibrand.cc/storage/uploads/images/2019_10_25/Dq1PiYrESrlYvxiPg1sZrQBucaJA1ltjIDrOdAjz.jpeg', '/pages/store/detail/detail?id=191', 2, 'store_detail', 191, 'goods', NULL, '2019-10-25 16:50:56', '2019-10-25 16:50:56', NULL, 159, 160, NULL);
INSERT INTO `ibrand_advert_item`(`id`, `advert_id`, `status`, `name`, `image`, `link`, `sort`, `type`, `associate_id`, `associate_type`, `meta`, `created_at`, `updated_at`, `deleted_at`, `_lft`, `_rgt`, `parent_id`) VALUES (107, 14, 1, '拼团', 'https://demo-open-admin.ibrand.cc/storage/uploads/images/2019_10_25/GRxROT7GOojMe0OPjlw2gGW5DNvEFZtVL0SvwECr.png', '/pages/store/groups/groups', 1, 'store_groups', NULL, NULL, NULL, '2019-10-25 16:52:49', '2019-10-25 16:52:49', NULL, 161, 162, NULL);
INSERT INTO `ibrand_advert_item`(`id`, `advert_id`, `status`, `name`, `image`, `link`, `sort`, `type`, `associate_id`, `associate_type`, `meta`, `created_at`, `updated_at`, `deleted_at`, `_lft`, `_rgt`, `parent_id`) VALUES (108, 14, 1, '砍价', 'https://demo-open-admin.ibrand.cc/storage/uploads/images/2019_10_25/a6LYBExpgaNyeaTm1JfSJQDDf7H4EHm2Z3Q7uRu5.png', '/pages/bargain/index/index', 2, 'store_reduce', NULL, NULL, NULL, '2019-10-25 16:52:49', '2019-10-25 16:52:49', NULL, 163, 164, NULL);
INSERT INTO `ibrand_advert_item`(`id`, `advert_id`, `status`, `name`, `image`, `link`, `sort`, `type`, `associate_id`, `associate_type`, `meta`, `created_at`, `updated_at`, `deleted_at`, `_lft`, `_rgt`, `parent_id`) VALUES (109, 14, 1, 'SVIP', 'https://demo-open-admin.ibrand.cc/storage/uploads/images/2019_10_25/6sbpAKyOdh48UnrOPOziD4FU5obJTcPmTEEOe4gQ.png', '/pages/store/detail/detail?id=191', 3, 'store_detail', 191, 'goods', NULL, '2019-10-25 16:52:49', '2019-10-25 16:52:49', NULL, 165, 166, NULL);
INSERT INTO `ibrand_advert_item`(`id`, `advert_id`, `status`, `name`, `image`, `link`, `sort`, `type`, `associate_id`, `associate_type`, `meta`, `created_at`, `updated_at`, `deleted_at`, `_lft`, `_rgt`, `parent_id`) VALUES (110, 14, 1, '文章', 'https://demo-open-admin.ibrand.cc/storage/uploads/images/2019_10_25/cnBpnPpAZzjrmB5dfd3IBWWPbf7Z4E9PZlEXaNGH.png', '/pages/other/links/links?url=https://mp.weixin.qq.com/s/U9CpKj5WLy7n-_2FNIPODg', 4, 'other_links', NULL, NULL, '{\"link\":\"https://mp.weixin.qq.com/s/U9CpKj5WLy7n-_2FNIPODg\"}', '2019-10-25 16:52:49', '2019-10-25 16:52:49', NULL, 167, 168, NULL);
INSERT INTO `ibrand_advert_item`(`id`, `advert_id`, `status`, `name`, `image`, `link`, `sort`, `type`, `associate_id`, `associate_type`, `meta`, `created_at`, `updated_at`, `deleted_at`, `_lft`, `_rgt`, `parent_id`) VALUES (117, 16, 1, '最新', NULL, NULL, 1, 'micro_page_componet_goods_group', NULL, NULL, '{\"count\":4,\"goods_ids\":\"138,143,145,147\"}', '2019-10-29 15:02:15', '2019-10-29 15:02:15', NULL, 177, 186, NULL);
INSERT INTO `ibrand_advert_item`(`id`, `advert_id`, `status`, `name`, `image`, `link`, `sort`, `type`, `associate_id`, `associate_type`, `meta`, `created_at`, `updated_at`, `deleted_at`, `_lft`, `_rgt`, `parent_id`) VALUES (118, 16, 1, NULL, NULL, NULL, 1, 'micro_page_componet_goods_group', 138, 'goods', NULL, '2019-10-29 15:02:15', '2019-10-29 15:02:15', NULL, 178, 179, 117);
INSERT INTO `ibrand_advert_item`(`id`, `advert_id`, `status`, `name`, `image`, `link`, `sort`, `type`, `associate_id`, `associate_type`, `meta`, `created_at`, `updated_at`, `deleted_at`, `_lft`, `_rgt`, `parent_id`) VALUES (119, 16, 1, NULL, NULL, NULL, 2, 'micro_page_componet_goods_group', 143, 'goods', NULL, '2019-10-29 15:02:15', '2019-10-29 15:02:15', NULL, 180, 181, 117);
INSERT INTO `ibrand_advert_item`(`id`, `advert_id`, `status`, `name`, `image`, `link`, `sort`, `type`, `associate_id`, `associate_type`, `meta`, `created_at`, `updated_at`, `deleted_at`, `_lft`, `_rgt`, `parent_id`) VALUES (120, 16, 1, NULL, NULL, NULL, 3, 'micro_page_componet_goods_group', 145, 'goods', NULL, '2019-10-29 15:02:15', '2019-10-29 15:02:15', NULL, 182, 183, 117);
INSERT INTO `ibrand_advert_item`(`id`, `advert_id`, `status`, `name`, `image`, `link`, `sort`, `type`, `associate_id`, `associate_type`, `meta`, `created_at`, `updated_at`, `deleted_at`, `_lft`, `_rgt`, `parent_id`) VALUES (121, 16, 1, NULL, NULL, NULL, 4, 'micro_page_componet_goods_group', 147, 'goods', NULL, '2019-10-29 15:02:15', '2019-10-29 15:02:15', NULL, 184, 185, 117);
INSERT INTO `ibrand_advert_item`(`id`, `advert_id`, `status`, `name`, `image`, `link`, `sort`, `type`, `associate_id`, `associate_type`, `meta`, `created_at`, `updated_at`, `deleted_at`, `_lft`, `_rgt`, `parent_id`) VALUES (122, 16, 1, '热卖', NULL, NULL, 2, 'micro_page_componet_goods_group', NULL, NULL, '{\"count\":4,\"goods_ids\":\"115,116,114,112\"}', '2019-10-29 15:02:15', '2019-10-29 15:02:15', NULL, 187, 196, NULL);
INSERT INTO `ibrand_advert_item`(`id`, `advert_id`, `status`, `name`, `image`, `link`, `sort`, `type`, `associate_id`, `associate_type`, `meta`, `created_at`, `updated_at`, `deleted_at`, `_lft`, `_rgt`, `parent_id`) VALUES (123, 16, 1, NULL, NULL, NULL, 1, 'micro_page_componet_goods_group', 115, 'goods', NULL, '2019-10-29 15:02:15', '2019-10-29 15:02:15', NULL, 188, 189, 122);
INSERT INTO `ibrand_advert_item`(`id`, `advert_id`, `status`, `name`, `image`, `link`, `sort`, `type`, `associate_id`, `associate_type`, `meta`, `created_at`, `updated_at`, `deleted_at`, `_lft`, `_rgt`, `parent_id`) VALUES (124, 16, 1, NULL, NULL, NULL, 2, 'micro_page_componet_goods_group', 116, 'goods', NULL, '2019-10-29 15:02:15', '2019-10-29 15:02:15', NULL, 190, 191, 122);
INSERT INTO `ibrand_advert_item`(`id`, `advert_id`, `status`, `name`, `image`, `link`, `sort`, `type`, `associate_id`, `associate_type`, `meta`, `created_at`, `updated_at`, `deleted_at`, `_lft`, `_rgt`, `parent_id`) VALUES (125, 16, 1, NULL, NULL, NULL, 3, 'micro_page_componet_goods_group', 114, 'goods', NULL, '2019-10-29 15:02:15', '2019-10-29 15:02:15', NULL, 192, 193, 122);
INSERT INTO `ibrand_advert_item`(`id`, `advert_id`, `status`, `name`, `image`, `link`, `sort`, `type`, `associate_id`, `associate_type`, `meta`, `created_at`, `updated_at`, `deleted_at`, `_lft`, `_rgt`, `parent_id`) VALUES (126, 16, 1, NULL, NULL, NULL, 4, 'micro_page_componet_goods_group', 112, 'goods', NULL, '2019-10-29 15:02:15', '2019-10-29 15:02:15', NULL, 194, 195, 122);
INSERT INTO `ibrand_advert_item`(`id`, `advert_id`, `status`, `name`, `image`, `link`, `sort`, `type`, `associate_id`, `associate_type`, `meta`, `created_at`, `updated_at`, `deleted_at`, `_lft`, `_rgt`, `parent_id`) VALUES (127, 16, 1, '销量', NULL, NULL, 3, 'micro_page_componet_goods_group', NULL, NULL, '{\"count\":4,\"goods_ids\":\"49,58,62,53\"}', '2019-10-29 15:02:15', '2019-10-29 15:02:15', NULL, 197, 206, NULL);
INSERT INTO `ibrand_advert_item`(`id`, `advert_id`, `status`, `name`, `image`, `link`, `sort`, `type`, `associate_id`, `associate_type`, `meta`, `created_at`, `updated_at`, `deleted_at`, `_lft`, `_rgt`, `parent_id`) VALUES (128, 16, 1, NULL, NULL, NULL, 1, 'micro_page_componet_goods_group', 49, 'goods', NULL, '2019-10-29 15:02:15', '2019-10-29 15:02:15', NULL, 198, 199, 127);
INSERT INTO `ibrand_advert_item`(`id`, `advert_id`, `status`, `name`, `image`, `link`, `sort`, `type`, `associate_id`, `associate_type`, `meta`, `created_at`, `updated_at`, `deleted_at`, `_lft`, `_rgt`, `parent_id`) VALUES (129, 16, 1, NULL, NULL, NULL, 2, 'micro_page_componet_goods_group', 58, 'goods', NULL, '2019-10-29 15:02:15', '2019-10-29 15:02:15', NULL, 200, 201, 127);
INSERT INTO `ibrand_advert_item`(`id`, `advert_id`, `status`, `name`, `image`, `link`, `sort`, `type`, `associate_id`, `associate_type`, `meta`, `created_at`, `updated_at`, `deleted_at`, `_lft`, `_rgt`, `parent_id`) VALUES (130, 16, 1, NULL, NULL, NULL, 3, 'micro_page_componet_goods_group', 62, 'goods', NULL, '2019-10-29 15:02:15', '2019-10-29 15:02:15', NULL, 202, 203, 127);
INSERT INTO `ibrand_advert_item`(`id`, `advert_id`, `status`, `name`, `image`, `link`, `sort`, `type`, `associate_id`, `associate_type`, `meta`, `created_at`, `updated_at`, `deleted_at`, `_lft`, `_rgt`, `parent_id`) VALUES (131, 16, 1, NULL, NULL, NULL, 4, 'micro_page_componet_goods_group', 53, 'goods', NULL, '2019-10-29 15:02:15', '2019-10-29 15:02:15', NULL, 204, 205, 127);
INSERT INTO `ibrand_advert_item`(`id`, `advert_id`, `status`, `name`, `image`, `link`, `sort`, `type`, `associate_id`, `associate_type`, `meta`, `created_at`, `updated_at`, `deleted_at`, `_lft`, `_rgt`, `parent_id`) VALUES (132, 7, 1, '商城精选', NULL, NULL, 1, 'micro_page_componet_goods_group', NULL, NULL, '{\"count\":4,\"goods_ids\":\"53,56,59,168\"}', '2019-10-30 10:00:20', '2019-10-30 10:00:20', NULL, 207, 216, NULL);
INSERT INTO `ibrand_advert_item`(`id`, `advert_id`, `status`, `name`, `image`, `link`, `sort`, `type`, `associate_id`, `associate_type`, `meta`, `created_at`, `updated_at`, `deleted_at`, `_lft`, `_rgt`, `parent_id`) VALUES (133, 7, 1, NULL, NULL, NULL, 1, 'micro_page_componet_goods_group', 53, 'goods', NULL, '2019-10-30 10:00:20', '2019-10-30 10:00:20', NULL, 208, 209, 132);
INSERT INTO `ibrand_advert_item`(`id`, `advert_id`, `status`, `name`, `image`, `link`, `sort`, `type`, `associate_id`, `associate_type`, `meta`, `created_at`, `updated_at`, `deleted_at`, `_lft`, `_rgt`, `parent_id`) VALUES (134, 7, 1, NULL, NULL, NULL, 2, 'micro_page_componet_goods_group', 56, 'goods', NULL, '2019-10-30 10:00:20', '2019-10-30 10:00:20', NULL, 210, 211, 132);
INSERT INTO `ibrand_advert_item`(`id`, `advert_id`, `status`, `name`, `image`, `link`, `sort`, `type`, `associate_id`, `associate_type`, `meta`, `created_at`, `updated_at`, `deleted_at`, `_lft`, `_rgt`, `parent_id`) VALUES (135, 7, 1, NULL, NULL, NULL, 3, 'micro_page_componet_goods_group', 59, 'goods', NULL, '2019-10-30 10:00:20', '2019-10-30 10:00:20', NULL, 212, 213, 132);
INSERT INTO `ibrand_advert_item`(`id`, `advert_id`, `status`, `name`, `image`, `link`, `sort`, `type`, `associate_id`, `associate_type`, `meta`, `created_at`, `updated_at`, `deleted_at`, `_lft`, `_rgt`, `parent_id`) VALUES (136, 7, 1, NULL, NULL, NULL, 4, 'micro_page_componet_goods_group', 168, 'goods', NULL, '2019-10-30 10:00:20', '2019-10-30 10:00:20', NULL, 214, 215, 132);
INSERT INTO `ibrand_advert_item`(`id`, `advert_id`, `status`, `name`, `image`, `link`, `sort`, `type`, `associate_id`, `associate_type`, `meta`, `created_at`, `updated_at`, `deleted_at`, `_lft`, `_rgt`, `parent_id`) VALUES (137, 4, 1, NULL, NULL, NULL, 1, 'category_goods', 11, 'category', '{\"name\":\"热卖专区\",\"limit\":\"6\"}', '2019-10-30 10:01:12', '2019-10-30 10:01:12', NULL, 217, 218, NULL);
INSERT INTO `ibrand_advert_item`(`id`, `advert_id`, `status`, `name`, `image`, `link`, `sort`, `type`, `associate_id`, `associate_type`, `meta`, `created_at`, `updated_at`, `deleted_at`, `_lft`, `_rgt`, `parent_id`) VALUES (139, 15, 1, NULL, 'https://demo-open-admin.ibrand.cc/storage/images/20191018/16fW70xNiu.jpg', NULL, 1, 'groupon', 4, 'groupon', NULL, '2019-11-04 12:46:08', '2019-11-04 12:46:08', NULL, 219, 220, NULL);
INSERT INTO `ibrand_advert_item`(`id`, `advert_id`, `status`, `name`, `image`, `link`, `sort`, `type`, `associate_id`, `associate_type`, `meta`, `created_at`, `updated_at`, `deleted_at`, `_lft`, `_rgt`, `parent_id`) VALUES (140, 15, 1, NULL, 'https://cdn.viperky.com/storage/images/20180813/zjdpk2oK4z.png', NULL, 2, 'groupon', 1, 'groupon', NULL, '2019-11-04 12:46:08', '2019-11-04 12:46:08', NULL, 221, 222, NULL);
INSERT INTO `ibrand_advert_item`(`id`, `advert_id`, `status`, `name`, `image`, `link`, `sort`, `type`, `associate_id`, `associate_type`, `meta`, `created_at`, `updated_at`, `deleted_at`, `_lft`, `_rgt`, `parent_id`) VALUES (141, 15, 1, NULL, 'https://cdn.viperky.com/storage/images/20180813/zjdpk2oK4z.png', NULL, 3, 'groupon', 1, 'groupon', NULL, '2019-11-04 12:46:08', '2019-11-04 12:46:08', NULL, 223, 224, NULL);
INSERT INTO `ibrand_advert_item`(`id`, `advert_id`, `status`, `name`, `image`, `link`, `sort`, `type`, `associate_id`, `associate_type`, `meta`, `created_at`, `updated_at`, `deleted_at`, `_lft`, `_rgt`, `parent_id`) VALUES (142, 15, 1, NULL, 'https://demo-open-admin.ibrand.cc/storage/images/20191018/16fW70xNiu.jpg', NULL, 4, 'groupon', 4, 'groupon', NULL, '2019-11-04 12:46:08', '2019-11-04 12:46:08', NULL, 225, 226, NULL);
INSERT INTO `ibrand_advert_item`(`id`, `advert_id`, `status`, `name`, `image`, `link`, `sort`, `type`, `associate_id`, `associate_type`, `meta`, `created_at`, `updated_at`, `deleted_at`, `_lft`, `_rgt`, `parent_id`) VALUES (146, 6, 1, NULL, NULL, NULL, 1, 'category_goods', 2, 'category', '{\"name\":\"女童专区\",\"limit\":\"6\"}', '2019-11-09 14:31:19', '2019-11-09 14:31:19', NULL, 227, 228, NULL);
INSERT INTO `ibrand_advert_item`(`id`, `advert_id`, `status`, `name`, `image`, `link`, `sort`, `type`, `associate_id`, `associate_type`, `meta`, `created_at`, `updated_at`, `deleted_at`, `_lft`, `_rgt`, `parent_id`) VALUES (147, 6, 1, NULL, NULL, NULL, 2, 'category_goods', 7, 'category', '{\"name\":\"裙装\",\"limit\":\"2\"}', '2019-11-09 14:31:19', '2019-11-09 14:31:19', NULL, 229, 230, NULL);
INSERT INTO `ibrand_advert_item`(`id`, `advert_id`, `status`, `name`, `image`, `link`, `sort`, `type`, `associate_id`, `associate_type`, `meta`, `created_at`, `updated_at`, `deleted_at`, `_lft`, `_rgt`, `parent_id`) VALUES (148, 6, 1, NULL, NULL, NULL, 3, 'category_goods', 15, 'category', '{\"name\":\"亲子装\",\"limit\":\"10\"}', '2019-11-09 14:31:19', '2019-11-09 14:31:19', NULL, 231, 232, NULL);
INSERT INTO `ibrand_advert_item`(`id`, `advert_id`, `status`, `name`, `image`, `link`, `sort`, `type`, `associate_id`, `associate_type`, `meta`, `created_at`, `updated_at`, `deleted_at`, `_lft`, `_rgt`, `parent_id`) VALUES (151, 11, 1, NULL, 'https://demo-open-admin.ibrand.cc/storage/uploads/images/2019_10_18/H64tMHmejllhHfIe3mhpNcWP5bWxyrQSH6BFwUK8.png', '/pages/bargain/index/index', 1, 'store_reduce', NULL, NULL, NULL, '2019-11-09 15:25:40', '2019-11-09 15:25:40', NULL, 233, 234, NULL);

INSERT INTO `ibrand_micro_page`(`id`, `name`, `code`, `type`, `page_type`, `link`, `link_image`, `created_at`, `updated_at`, `deleted_at`) VALUES (1, '首页', 'PAGE2019101511406526848', 'default', 2, 'pages/index/index/index?id=PAGE2019101511406526848', NULL, '2019-10-15 19:52:47', '2019-11-22 23:52:14', NULL);
INSERT INTO `ibrand_micro_page`(`id`, `name`, `code`, `type`, `page_type`, `link`, `link_image`, `created_at`, `updated_at`, `deleted_at`) VALUES (2, '分类页', 'PAGE2019101517799992523', 'default', 3, 'pages/index/index/index?id=PAGE2019101517799992523', NULL, '2019-10-15 19:59:09', '2019-10-15 19:59:15', NULL);
INSERT INTO `ibrand_micro_page`(`id`, `name`, `code`, `type`, `page_type`, `link`, `link_image`, `created_at`, `updated_at`, `deleted_at`) VALUES (7, '1108', 'PAGE2019110885485994026', 'default', 1, 'pages/index/index/index?id=PAGE2019110885485994026', NULL, '2019-11-08 16:13:17', '2019-11-10 01:11:01', NULL);
INSERT INTO `ibrand_micro_page`(`id`, `name`, `code`, `type`, `page_type`, `link`, `link_image`, `created_at`, `updated_at`, `deleted_at`) VALUES (8, '测试', 'PAGE2019111447814088239', 'default', 1, 'pages/index/index/index?id=PAGE2019111447814088239', NULL, '2019-11-14 10:51:29', '2019-11-22 23:52:14', NULL);
INSERT INTO `ibrand_micro_page`(`id`, `name`, `code`, `type`, `page_type`, `link`, `link_image`, `created_at`, `updated_at`, `deleted_at`) VALUES (9, 'a', 'PAGE2019112959284483923', 'default', 1, 'pages/index/index/index?id=PAGE2019112959284483923', NULL, '2019-11-29 22:22:33', '2019-11-29 22:22:33', NULL);


INSERT INTO `ibrand_micro_page_advert`(`id`, `micro_page_id`, `advert_id`, `sort`, `created_at`, `updated_at`, `deleted_at`) VALUES (115, 2, 4, 1, '2019-11-05 15:14:48', '2019-11-05 15:14:48', NULL);
INSERT INTO `ibrand_micro_page_advert`(`id`, `micro_page_id`, `advert_id`, `sort`, `created_at`, `updated_at`, `deleted_at`) VALUES (116, 2, 5, 2, '2019-11-05 15:14:48', '2019-11-05 15:14:48', NULL);
INSERT INTO `ibrand_micro_page_advert`(`id`, `micro_page_id`, `advert_id`, `sort`, `created_at`, `updated_at`, `deleted_at`) VALUES (117, 2, 6, 3, '2019-11-05 15:14:48', '2019-11-05 15:14:48', NULL);
INSERT INTO `ibrand_micro_page_advert`(`id`, `micro_page_id`, `advert_id`, `sort`, `created_at`, `updated_at`, `deleted_at`) VALUES (118, 2, -1, 4, '2019-11-05 15:14:48', '2019-11-05 15:14:48', NULL);
INSERT INTO `ibrand_micro_page_advert`(`id`, `micro_page_id`, `advert_id`, `sort`, `created_at`, `updated_at`, `deleted_at`) VALUES (119, 2, 1, 5, '2019-11-05 15:14:48', '2019-11-05 15:14:48', NULL);
INSERT INTO `ibrand_micro_page_advert`(`id`, `micro_page_id`, `advert_id`, `sort`, `created_at`, `updated_at`, `deleted_at`) VALUES (120, 2, 10, 6, '2019-11-05 15:14:48', '2019-11-05 15:14:48', NULL);
INSERT INTO `ibrand_micro_page_advert`(`id`, `micro_page_id`, `advert_id`, `sort`, `created_at`, `updated_at`, `deleted_at`) VALUES (157, 7, 1, 1, '2019-11-09 15:23:36', '2019-11-09 15:23:36', NULL);
INSERT INTO `ibrand_micro_page_advert`(`id`, `micro_page_id`, `advert_id`, `sort`, `created_at`, `updated_at`, `deleted_at`) VALUES (158, 7, -1, 2, '2019-11-09 15:23:36', '2019-11-09 15:23:36', NULL);
INSERT INTO `ibrand_micro_page_advert`(`id`, `micro_page_id`, `advert_id`, `sort`, `created_at`, `updated_at`, `deleted_at`) VALUES (159, 7, 11, 3, '2019-11-09 15:23:36', '2019-11-09 15:23:36', NULL);
INSERT INTO `ibrand_micro_page_advert`(`id`, `micro_page_id`, `advert_id`, `sort`, `created_at`, `updated_at`, `deleted_at`) VALUES (160, 7, 2, 4, '2019-11-09 15:23:36', '2019-11-09 15:23:36', NULL);
INSERT INTO `ibrand_micro_page_advert`(`id`, `micro_page_id`, `advert_id`, `sort`, `created_at`, `updated_at`, `deleted_at`) VALUES (161, 7, 8, 5, '2019-11-09 15:23:36', '2019-11-09 15:23:36', NULL);
INSERT INTO `ibrand_micro_page_advert`(`id`, `micro_page_id`, `advert_id`, `sort`, `created_at`, `updated_at`, `deleted_at`) VALUES (162, 7, 7, 6, '2019-11-09 15:23:36', '2019-11-09 15:23:36', NULL);
INSERT INTO `ibrand_micro_page_advert`(`id`, `micro_page_id`, `advert_id`, `sort`, `created_at`, `updated_at`, `deleted_at`) VALUES (163, 8, 11, 1, '2019-11-22 17:04:15', '2019-11-22 17:04:15', NULL);
INSERT INTO `ibrand_micro_page_advert`(`id`, `micro_page_id`, `advert_id`, `sort`, `created_at`, `updated_at`, `deleted_at`) VALUES (186, 1, 1, 1, '2019-11-30 16:41:38', '2019-11-30 16:41:38', NULL);
INSERT INTO `ibrand_micro_page_advert`(`id`, `micro_page_id`, `advert_id`, `sort`, `created_at`, `updated_at`, `deleted_at`) VALUES (187, 1, 12, 2, '2019-11-30 16:41:38', '2019-11-30 16:41:38', NULL);
INSERT INTO `ibrand_micro_page_advert`(`id`, `micro_page_id`, `advert_id`, `sort`, `created_at`, `updated_at`, `deleted_at`) VALUES (188, 1, 14, 3, '2019-11-30 16:41:38', '2019-11-30 16:41:38', NULL);
INSERT INTO `ibrand_micro_page_advert`(`id`, `micro_page_id`, `advert_id`, `sort`, `created_at`, `updated_at`, `deleted_at`) VALUES (189, 1, 8, 4, '2019-11-30 16:41:38', '2019-11-30 16:41:38', NULL);
INSERT INTO `ibrand_micro_page_advert`(`id`, `micro_page_id`, `advert_id`, `sort`, `created_at`, `updated_at`, `deleted_at`) VALUES (190, 1, 11, 5, '2019-11-30 16:41:38', '2019-11-30 16:41:38', NULL);
INSERT INTO `ibrand_micro_page_advert`(`id`, `micro_page_id`, `advert_id`, `sort`, `created_at`, `updated_at`, `deleted_at`) VALUES (191, 1, 7, 6, '2019-11-30 16:41:38', '2019-11-30 16:41:38', NULL);
INSERT INTO `ibrand_micro_page_advert`(`id`, `micro_page_id`, `advert_id`, `sort`, `created_at`, `updated_at`, `deleted_at`) VALUES (192, 1, 16, 7, '2019-11-30 16:41:38', '2019-11-30 16:41:38', NULL);
INSERT INTO `ibrand_micro_page_advert`(`id`, `micro_page_id`, `advert_id`, `sort`, `created_at`, `updated_at`, `deleted_at`) VALUES (193, 1, 9, 8, '2019-11-30 16:41:38', '2019-11-30 16:41:38', NULL);




